<chapter xmlns="http://docbook.org/ns/docbook" xmlns:xlink="http://www.w3.org/1999/xlink" xmlns:xi="http://www.w3.org/2001/XInclude" version="5.0" xml:lang="hu">
    <info>
        <title>Helló, Welch!</title>
        <keywordset>
            <keyword/>
        </keywordset>
    </info>
    <section>
        <title>Első osztályom</title>
        <para>
            Valósítsd meg C++-ban és Java-ban az módosított polártranszformációs algoritmust! A matek háttér 
            teljesen irreleváns, csak annyiban érdekes, hogy az algoritmus egy számítása során két normálist
            számol ki, az egyiket elspájzolod és egy további logikai taggal az osztályban jelzed, hogy van vagy
            nincs eltéve kiszámolt szám.
        </para>
        <para>
            Megoldás videó:
        </para>
        <para>
            Megoldás forrása:                
        </para>
        <para>
            Tanulságok, tapasztalatok, magyarázat... térj ki arra is, hogy a JDK forrásaiban a Sun programozói
            pont úgy csinálták meg ahogyan te is, azaz az OO nemhogy nem nehéz, hanem éppen természetes neked!
        </para>  
        <para>
            Az objektumorientált programozás (OOP) olyan módszert nyújt a programozók számára, 
            amely lehetővé teszi a programok bonyolultságának csökkentését, a megbízhatóság és a hatékonyság növelését.
            Objektumokból, tehát a valós világ elemeinek programozási modelljeiből építi fel a programot.
            A C++ és a Java is objektumorientált programozási nyelv.
        </para>
        <para>
             A feladatban szereplő polártranszformáció segítségével random számokat tudunk
            kiszámolni. Maga az algoritmus olyannyira eltrejedt, hogy a Java random szám
            generátor függvénye is ezt használja.
        </para>
        <para>Java-ban:</para>
        <programlisting language="java">
<![CDATA[ 
public class PolárGenerátor {
    
    boolean nincsTárolt = true;
    double tárolt;
    
    public PolárGenerátor() {
        
        nincsTárolt = true;
        
    }
    
    public double következő() {
        
        if(nincsTárolt) {
            
            double u1, u2, v1, v2, w;
            do {
                u1 = Math.random();
                u2 = Math.random();
                
                v1 = 2*u1 - 1;
                v2 = 2*u2 - 1;
                
                w = v1*v1 + v2*v2;
                
            } while(w > 1);
            
            double r = Math.sqrt((-2*Math.log(w))/w);
            
            tárolt = r*v2;
            nincsTárolt = !nincsTárolt;
            
            return r*v1;
            
        } else {
            nincsTárolt = !nincsTárolt;
            return tárolt;
        }
    }
    
    public static void main(String[] args) {
        
        PolárGenerátor g = new PolárGenerátor();
        
        for(int i=0; i<10; ++i)
            System.out.println(g.következő());
        
    }
    
}
]]>
        </programlisting>  
<para>C++-ban:</para>
 <programlisting language="c++">
<![CDATA[ 
#include <cstdlib>
#include <cmath>
#include <ctime>
#include <iostream>
class PolarGen
{
public:
  PolarGen ()
  {
    nincsTarolt = true;
    std::srand (std::time (NULL));
  }
   ~PolarGen ()
  {
  }
double kovetkezo ()
{
  if (nincsTarolt)
    {
      double u1, u2, v1, v2, w;
      do
	{
	  u1 = std::rand () / (RAND_MAX + 1.0);
	  u2 = std::rand () / (RAND_MAX + 1.0);
	  v1 = 2 * u1 - 1;
	  v2 = 2 * u2 - 1;
	  w = v1 * v1 + v2 * v2;
	}
      while (w > 1);
      double r = std::sqrt ((-2 * std::log (w)) / w);
      tarolt = r * v2;
      nincsTarolt = !nincsTarolt;
      return r * v1;
    }
  else
    {
      nincsTarolt = !nincsTarolt;
      return tarolt;
    }
}
private:
  bool nincsTarolt;
  double tarolt;
};
int main (int argc, char **argv)
{
  PolarGen pg;
  for (int i = 0; i < 10; ++i)
    std::cout << pg.kovetkezo () << std::endl;
  return 0;
}
]]>
        </programlisting>
        <para>
            Futtatása:
        </para>
         <programlisting>
<![CDATA[
laci@ubuntu:~/Desktop$ g++ polargen.cpp -o p
laci@ubuntu:~/Desktop$ ./p
 ]]>
        </programlisting>
    </section>        

    <section>
        <title>LZW</title>
        <para>
            Valósítsd meg C-ben az LZW algoritmus fa-építését!
        </para>
        <para>
            Megoldás videó:
        </para>
        <para>
            Megoldás forrása:                
        </para>
        
            <para> Az LZW algoritmus egy tömörítő eljárás, melyet többek között a </para>
            <para>a gif formátuma, de sok tömörítő is, mint zip, gzip ezt </para>
            <para>használja. Az algoritmus lényege annyi, hogy a bemeneti </para>
            <para>1-ekből és 0-ákból egy bináris fát épít. Mondjuk ezt még nem neveznénk</para>
            <para>tömörítésnek, tehát most jön a lényeg. Úgy építi fel a fát, hogy</para>
            <para>mindig ellenőrzi, hogy van-e már 0-ás vagy 1-es gyermek, ha nincs</para>
            <para>akkor létrehoz egyet, és visszaugrik a gyökérre. Ha van, akkor </para>
            <para>a 0-és vagy 1-es gyermekre lép, és addig lépked lefele a fában, ameddig</para>
            <para>nem talál egy olyan részfát, ahol létre kellene hozni egy újy gyermeket,</para>
            <para>a létrehozás után visszaugrik a gyökérre.</para>
        
        <programlisting language ="c">
            <![CDATA[
            // z.c
//
// LZW fa építő
// Programozó Páternoszter
//
// Copyright (C) 2011, Bátfai Norbert, nbatfai@inf.unideb.hu, nbatfai@gmail.com
//
// This program is free software: you can redistribute it and/or modify
// it under the terms of the GNU General Public License as published by
// the Free Software Foundation, either version 3 of the License, or
// (at your option) any later version.
//
// This program is distributed in the hope that it will be useful,
// but WITHOUT ANY WARRANTY; without even the implied warranty of
// MERCHANTABILITY or FITNESS FOR A PARTICULAR PURPOSE.  See the
// GNU General Public License for more details.
//
// You should have received a copy of the GNU General Public License
// along with this program.  If not, see <http://www.gnu.org/licenses/>.
//
// Ez a program szabad szoftver; terjeszthetõ illetve módosítható a
// Free Software Foundation által kiadott GNU General Public License
// dokumentumában leírtak; akár a licenc 3-as, akár (tetszõleges) késõbbi
// változata szerint.
//
// Ez a program abban a reményben kerül közreadásra, hogy hasznos lesz,
// de minden egyéb GARANCIA NÉLKÜL, az ELADHATÓSÁGRA vagy VALAMELY CÉLRA
// VALÓ ALKALMAZHATÓSÁGRA való származtatott garanciát is beleértve.
// További részleteket a GNU General Public License tartalmaz.
//
// A felhasználónak a programmal együtt meg kell kapnia a GNU General
// Public License egy példányát; ha mégsem kapta meg, akkor
// tekintse meg a <http://www.gnu.org/licenses/> oldalon.
//
//
// Version history:
//
// 0.0.1, http://progpater.blog.hu/2011/02/19/gyonyor_a_tomor
// 0.0.2, csomópontok mutatóinak NULLázása (nem fejtette meg senki :)
// 0.0.3, http://progpater.blog.hu/2011/03/05/labormeres_otthon_avagy_hogyan_dolgozok_fel_egy_pedat
//

#include <stdio.h>
#include <stdlib.h>
#include <unistd.h>
#include <math.h>

typedef struct binfa
{
  int ertek;
  struct binfa *bal_nulla;
  struct binfa *jobb_egy;

} BINFA, *BINFA_PTR;

BINFA_PTR
uj_elem ()
{
  BINFA_PTR p;

  if ((p = (BINFA_PTR) malloc (sizeof (BINFA))) == NULL)
    {
      perror ("memoria");
      exit (EXIT_FAILURE);
    }
  return p;
}

extern void kiir (BINFA_PTR elem);
extern void ratlag (BINFA_PTR elem);
extern void rszoras (BINFA_PTR elem);
extern void szabadit (BINFA_PTR elem);

int
main (int argc, char **argv)
{
  char b;

  BINFA_PTR gyoker = uj_elem ();
  gyoker->ertek = '/';
  gyoker->bal_nulla = gyoker->jobb_egy = NULL;
  BINFA_PTR fa = gyoker;

  while (read (0, (void *) &b, 1))
    {
//      write (1, &b, 1);
      if (b == '0')
	{
	  if (fa->bal_nulla == NULL)
	    {
	      fa->bal_nulla = uj_elem ();
	      fa->bal_nulla->ertek = 0;
	      fa->bal_nulla->bal_nulla = fa->bal_nulla->jobb_egy = NULL;
	      fa = gyoker;
	    }
	  else
	    {
	      fa = fa->bal_nulla;
	    }
	}
      else
	{
	  if (fa->jobb_egy == NULL)
	    {
	      fa->jobb_egy = uj_elem ();
	      fa->jobb_egy->ertek = 1;
	      fa->jobb_egy->bal_nulla = fa->jobb_egy->jobb_egy = NULL;
	      fa = gyoker;
	    }
	  else
	    {
	      fa = fa->jobb_egy;
	    }
	}
    }

  printf ("\n");
  kiir (gyoker);
  
  extern int max_melyseg, atlagosszeg, melyseg, atlagdb;
  extern double szorasosszeg, atlag;


 

  printf ("melyseg=%d\n", max_melyseg-1);

  /* Átlagos ághossz kiszámítása */
  atlagosszeg = 0;
  melyseg = 0;
  atlagdb = 0;
  ratlag (gyoker);
  // atlag = atlagosszeg / atlagdb;
  // (int) / (int) "elromlik", ezért casoljuk
  // K&R tudatlansági védelem miatt a sok () :)
  atlag = ((double)atlagosszeg) / atlagdb;

  /* Ághosszak szórásának kiszámítása */
  atlagosszeg = 0;
  melyseg = 0;
  atlagdb = 0;
  szorasosszeg = 0.0;

  rszoras (gyoker);

  double szoras = 0.0;

  if (atlagdb - 1 > 0)
    szoras = sqrt( szorasosszeg / (atlagdb - 1));
  else
    szoras = sqrt (szorasosszeg);

  printf ("altag=%f\nszoras=%f\n", atlag, szoras);

  szabadit (gyoker);
}


 // a Javacska ONE projekt Hetedik Szem/TudatSzamitas.java mintajara
 // http://sourceforge.net/projects/javacska/ 
 // az atlag() hivasakor is inicializalni kell oket, a
 // a rekurziv bejaras hasznalja
int atlagosszeg = 0, melyseg = 0, atlagdb = 0;

void
ratlag (BINFA_PTR fa)
{

  if (fa != NULL)
    {
      ++melyseg;
      ratlag (fa->jobb_egy);
      ratlag (fa->bal_nulla);
      --melyseg;

      if (fa->jobb_egy == NULL && fa->bal_nulla == NULL)
	{

	  ++atlagdb;
	  atlagosszeg += melyseg;

	}

    }

}

 // a Javacska ONE projekt Hetedik Szem/TudatSzamitas.java mintajara
 // http://sourceforge.net/projects/javacska/ 
 // az atlag() hivasakor is inicializalni kell oket, a
 // a rekurziv bejaras hasznalja
double szorasosszeg = 0.0, atlag = 0.0;

void
rszoras (BINFA_PTR fa)
{

  if (fa != NULL)
    {
      ++melyseg;
      rszoras (fa->jobb_egy);
      rszoras (fa->bal_nulla);
      --melyseg;

      if (fa->jobb_egy == NULL && fa->bal_nulla == NULL)
	{

	  ++atlagdb;
	  szorasosszeg += ((melyseg - atlag) * (melyseg - atlag));

	}

    }

}

//static int melyseg = 0;
int max_melyseg = 0;

void
kiir (BINFA_PTR elem)
{
  if (elem != NULL)
    {
      ++melyseg;
      if (melyseg > max_melyseg)
	max_melyseg = melyseg;
      kiir (elem->jobb_egy);
      // ez a postorder bejáráshoz képest
      // 1-el nagyobb mélység, ezért -1
      for (int i = 0; i < melyseg; ++i)
	printf ("---");
      printf ("%c(%d)\n", elem->ertek < 2 ? '0' + elem->ertek : elem->ertek,
	      melyseg-1);
      kiir (elem->bal_nulla);
      --melyseg;
    }
}

void
szabadit (BINFA_PTR elem)
{
  if (elem != NULL)
    {
      szabadit (elem->jobb_egy);
      szabadit (elem->bal_nulla);
      free (elem);
    }
}

            ]]>
            
        </programlisting>
    </section>        
        
    <section>
        <title>Fabejárás</title>
        <para>
            Járd be az előző (inorder bejárású) fát pre- és posztorder is!
        </para>
        <para>
            Megoldás videó:
        </para>
        <para>
            Egy fa szerkezetu fajl 3 modon lehet bejarni
            inorder,preorder, es posztorderrel
            ha van egy egy alap fank mely nel 1 bol jon 2 es 3 es 2 bol jon 4 es 5 ott 
            Inorder (Left, Root, Right) : 4 2 5 1 3
            Preorder (Root, Left, Right) : 1 2 4 5 3
            Postorder (Left, Right, Root) : 4 5 2 3 1
        </para>
        <para>
            Preorder
        </para> 
        <programlisting language="c">
        <![CDATA[
        // z.c
//
// LZW fa építő
// Programozó Páternoszter
//
// Copyright (C) 2011, Bátfai Norbert, nbatfai@inf.unideb.hu, nbatfai@gmail.com
//
// This program is free software: you can redistribute it and/or modify
// it under the terms of the GNU General Public License as published by
// the Free Software Foundation, either version 3 of the License, or
// (at your option) any later version.
//
// This program is distributed in the hope that it will be useful,
// but WITHOUT ANY WARRANTY; without even the implied warranty of
// MERCHANTABILITY or FITNESS FOR A PARTICULAR PURPOSE.  See the
// GNU General Public License for more details.
//
// You should have received a copy of the GNU General Public License
// along with this program.  If not, see <http://www.gnu.org/licenses/>.
//
// Ez a program szabad szoftver; terjeszthetõ illetve módosítható a
// Free Software Foundation által kiadott GNU General Public License
// dokumentumában leírtak; akár a licenc 3-as, akár (tetszõleges) késõbbi
// változata szerint.
//
// Ez a program abban a reményben kerül közreadásra, hogy hasznos lesz,
// de minden egyéb GARANCIA NÉLKÜL, az ELADHATÓSÁGRA vagy VALAMELY CÉLRA
// VALÓ ALKALMAZHATÓSÁGRA való származtatott garanciát is beleértve.
// További részleteket a GNU General Public License tartalmaz.
//
// A felhasználónak a programmal együtt meg kell kapnia a GNU General
// Public License egy példányát; ha mégsem kapta meg, akkor
// tekintse meg a <http://www.gnu.org/licenses/> oldalon.
//
//
// Version history:
//
// 0.0.1, http://progpater.blog.hu/2011/02/19/gyonyor_a_tomor
// 0.0.2, csomópontok mutatóinak NULLázása (nem fejtette meg senki :)
// 0.0.3, http://progpater.blog.hu/2011/03/05/labormeres_otthon_avagy_hogyan_dolgozok_fel_egy_pedat
//

#include <stdio.h>
#include <stdlib.h>
#include <unistd.h>
#include <math.h>

typedef struct binfa
{
  int ertek;
  struct binfa *bal_nulla;
  struct binfa *jobb_egy;

} BINFA, *BINFA_PTR;

BINFA_PTR
uj_elem ()
{
  BINFA_PTR p;

  if ((p = (BINFA_PTR) malloc (sizeof (BINFA))) == NULL)
    {
      perror ("memoria");
      exit (EXIT_FAILURE);
    }
  return p;
}

extern void kiir (BINFA_PTR elem);
extern void ratlag (BINFA_PTR elem);
extern void rszoras (BINFA_PTR elem);
extern void szabadit (BINFA_PTR elem);

int
main (int argc, char **argv)
{
  char b;

  BINFA_PTR gyoker = uj_elem ();
  gyoker->ertek = '/';
  gyoker->bal_nulla = gyoker->jobb_egy = NULL;
  BINFA_PTR fa = gyoker;

  while (read (0, (void *) &b, 1))
    {
//      write (1, &b, 1);
      if (b == '0')
	{
	  if (fa->bal_nulla == NULL)
	    {
	      fa->bal_nulla = uj_elem ();
	      fa->bal_nulla->ertek = 0;
	      fa->bal_nulla->bal_nulla = fa->bal_nulla->jobb_egy = NULL;
	      fa = gyoker;
	    }
	  else
	    {
	      fa = fa->bal_nulla;
	    }
	}
      else
	{
	  if (fa->jobb_egy == NULL)
	    {
	      fa->jobb_egy = uj_elem ();
	      fa->jobb_egy->ertek = 1;
	      fa->jobb_egy->bal_nulla = fa->jobb_egy->jobb_egy = NULL;
	      fa = gyoker;
	    }
	  else
	    {
	      fa = fa->jobb_egy;
	    }
	}
    }

  printf ("\n");
  kiir (gyoker);
  
  extern int max_melyseg, atlagosszeg, melyseg, atlagdb;
  extern double szorasosszeg, atlag;


 

  printf ("melyseg=%d\n", max_melyseg-1);

  /* Átlagos ághossz kiszámítása */
  atlagosszeg = 0;
  melyseg = 0;
  atlagdb = 0;
  ratlag (gyoker);
  // atlag = atlagosszeg / atlagdb;
  // (int) / (int) "elromlik", ezért casoljuk
  // K&R tudatlansági védelem miatt a sok () :)
  atlag = ((double)atlagosszeg) / atlagdb;

  /* Ághosszak szórásának kiszámítása */
  atlagosszeg = 0;
  melyseg = 0;
  atlagdb = 0;
  szorasosszeg = 0.0;

  rszoras (gyoker);

  double szoras = 0.0;

  if (atlagdb - 1 > 0)
    szoras = sqrt( szorasosszeg / (atlagdb - 1));
  else
    szoras = sqrt (szorasosszeg);

  printf ("altag=%f\nszoras=%f\n", atlag, szoras);

  szabadit (gyoker);
}


 // a Javacska ONE projekt Hetedik Szem/TudatSzamitas.java mintajara
 // http://sourceforge.net/projects/javacska/ 
 // az atlag() hivasakor is inicializalni kell oket, a
 // a rekurziv bejaras hasznalja
int atlagosszeg = 0, melyseg = 0, atlagdb = 0;

void
ratlag (BINFA_PTR fa)
{

  if (fa != NULL)
    {
      ++melyseg;
      ratlag (fa->jobb_egy);
      ratlag (fa->bal_nulla);
      --melyseg;

      if (fa->jobb_egy == NULL && fa->bal_nulla == NULL)
	{

	  ++atlagdb;
	  atlagosszeg += melyseg;

	}

    }

}

 // a Javacska ONE projekt Hetedik Szem/TudatSzamitas.java mintajara
 // http://sourceforge.net/projects/javacska/ 
 // az atlag() hivasakor is inicializalni kell oket, a
 // a rekurziv bejaras hasznalja
double szorasosszeg = 0.0, atlag = 0.0;

void
rszoras (BINFA_PTR fa)
{

  if (fa != NULL)
    {
      ++melyseg;
      rszoras (fa->jobb_egy);
      rszoras (fa->bal_nulla);
      --melyseg;

      if (fa->jobb_egy == NULL && fa->bal_nulla == NULL)
	{

	  ++atlagdb;
	  szorasosszeg += ((melyseg - atlag) * (melyseg - atlag));

	}

    }

}

//static int melyseg = 0;
int max_melyseg = 0;

void
kiir (BINFA_PTR elem)
{
  if (elem != NULL)
    {
      ++melyseg;
      if (melyseg > max_melyseg)
	max_melyseg = melyseg;
      for (int i = 0; i < melyseg; ++i)
	printf ("---");
      printf ("%c(%d)\n", elem->ertek < 2 ? '0' + elem->ertek : elem->ertek,
	      melyseg-1);
      kiir (elem->jobb_egy);
      // ez a postorder bejáráshoz képest
      // 1-el nagyobb mélység, ezért -1
      kiir (elem->bal_nulla);
      --melyseg;
    }
}

void
szabadit (BINFA_PTR elem)
{
  if (elem != NULL)
    {
      szabadit (elem->jobb_egy);
      szabadit (elem->bal_nulla);
      free (elem);
    }
}

        ]]>
        </programlisting>
        <para>
            Posztorder
        </para> 
        <programlisting language="c">
        <![CDATA[
        // z.c
//
// LZW fa építő
// Programozó Páternoszter
//
// Copyright (C) 2011, Bátfai Norbert, nbatfai@inf.unideb.hu, nbatfai@gmail.com
//
// This program is free software: you can redistribute it and/or modify
// it under the terms of the GNU General Public License as published by
// the Free Software Foundation, either version 3 of the License, or
// (at your option) any later version.
//
// This program is distributed in the hope that it will be useful,
// but WITHOUT ANY WARRANTY; without even the implied warranty of
// MERCHANTABILITY or FITNESS FOR A PARTICULAR PURPOSE.  See the
// GNU General Public License for more details.
//
// You should have received a copy of the GNU General Public License
// along with this program.  If not, see <http://www.gnu.org/licenses/>.
//
// Ez a program szabad szoftver; terjeszthetõ illetve módosítható a
// Free Software Foundation által kiadott GNU General Public License
// dokumentumában leírtak; akár a licenc 3-as, akár (tetszõleges) késõbbi
// változata szerint.
//
// Ez a program abban a reményben kerül közreadásra, hogy hasznos lesz,
// de minden egyéb GARANCIA NÉLKÜL, az ELADHATÓSÁGRA vagy VALAMELY CÉLRA
// VALÓ ALKALMAZHATÓSÁGRA való származtatott garanciát is beleértve.
// További részleteket a GNU General Public License tartalmaz.
//
// A felhasználónak a programmal együtt meg kell kapnia a GNU General
// Public License egy példányát; ha mégsem kapta meg, akkor
// tekintse meg a <http://www.gnu.org/licenses/> oldalon.
//
//
// Version history:
//
// 0.0.1, http://progpater.blog.hu/2011/02/19/gyonyor_a_tomor
// 0.0.2, csomópontok mutatóinak NULLázása (nem fejtette meg senki :)
// 0.0.3, http://progpater.blog.hu/2011/03/05/labormeres_otthon_avagy_hogyan_dolgozok_fel_egy_pedat
//

#include <stdio.h>
#include <stdlib.h>
#include <unistd.h>
#include <math.h>

typedef struct binfa
{
  int ertek;
  struct binfa *bal_nulla;
  struct binfa *jobb_egy;

} BINFA, *BINFA_PTR;

BINFA_PTR
uj_elem ()
{
  BINFA_PTR p;

  if ((p = (BINFA_PTR) malloc (sizeof (BINFA))) == NULL)
    {
      perror ("memoria");
      exit (EXIT_FAILURE);
    }
  return p;
}

extern void kiir (BINFA_PTR elem);
extern void ratlag (BINFA_PTR elem);
extern void rszoras (BINFA_PTR elem);
extern void szabadit (BINFA_PTR elem);

int
main (int argc, char **argv)
{
  char b;

  BINFA_PTR gyoker = uj_elem ();
  gyoker->ertek = '/';
  gyoker->bal_nulla = gyoker->jobb_egy = NULL;
  BINFA_PTR fa = gyoker;

  while (read (0, (void *) &b, 1))
    {
//      write (1, &b, 1);
      if (b == '0')
	{
	  if (fa->bal_nulla == NULL)
	    {
	      fa->bal_nulla = uj_elem ();
	      fa->bal_nulla->ertek = 0;
	      fa->bal_nulla->bal_nulla = fa->bal_nulla->jobb_egy = NULL;
	      fa = gyoker;
	    }
	  else
	    {
	      fa = fa->bal_nulla;
	    }
	}
      else
	{
	  if (fa->jobb_egy == NULL)
	    {
	      fa->jobb_egy = uj_elem ();
	      fa->jobb_egy->ertek = 1;
	      fa->jobb_egy->bal_nulla = fa->jobb_egy->jobb_egy = NULL;
	      fa = gyoker;
	    }
	  else
	    {
	      fa = fa->jobb_egy;
	    }
	}
    }

  printf ("\n");
  kiir (gyoker);
  
  extern int max_melyseg, atlagosszeg, melyseg, atlagdb;
  extern double szorasosszeg, atlag;


 

  printf ("melyseg=%d\n", max_melyseg-1);

  /* Átlagos ághossz kiszámítása */
  atlagosszeg = 0;
  melyseg = 0;
  atlagdb = 0;
  ratlag (gyoker);
  // atlag = atlagosszeg / atlagdb;
  // (int) / (int) "elromlik", ezért casoljuk
  // K&R tudatlansági védelem miatt a sok () :)
  atlag = ((double)atlagosszeg) / atlagdb;

  /* Ághosszak szórásának kiszámítása */
  atlagosszeg = 0;
  melyseg = 0;
  atlagdb = 0;
  szorasosszeg = 0.0;

  rszoras (gyoker);

  double szoras = 0.0;

  if (atlagdb - 1 > 0)
    szoras = sqrt( szorasosszeg / (atlagdb - 1));
  else
    szoras = sqrt (szorasosszeg);

  printf ("altag=%f\nszoras=%f\n", atlag, szoras);

  szabadit (gyoker);
}


 // a Javacska ONE projekt Hetedik Szem/TudatSzamitas.java mintajara
 // http://sourceforge.net/projects/javacska/ 
 // az atlag() hivasakor is inicializalni kell oket, a
 // a rekurziv bejaras hasznalja
int atlagosszeg = 0, melyseg = 0, atlagdb = 0;

void
ratlag (BINFA_PTR fa)
{

  if (fa != NULL)
    {
      ++melyseg;
      ratlag (fa->jobb_egy);
      ratlag (fa->bal_nulla);
      --melyseg;

      if (fa->jobb_egy == NULL && fa->bal_nulla == NULL)
	{

	  ++atlagdb;
	  atlagosszeg += melyseg;

	}

    }

}

 // a Javacska ONE projekt Hetedik Szem/TudatSzamitas.java mintajara
 // http://sourceforge.net/projects/javacska/ 
 // az atlag() hivasakor is inicializalni kell oket, a
 // a rekurziv bejaras hasznalja
double szorasosszeg = 0.0, atlag = 0.0;

void
rszoras (BINFA_PTR fa)
{

  if (fa != NULL)
    {
      ++melyseg;
      rszoras (fa->jobb_egy);
      rszoras (fa->bal_nulla);
      --melyseg;

      if (fa->jobb_egy == NULL && fa->bal_nulla == NULL)
	{

	  ++atlagdb;
	  szorasosszeg += ((melyseg - atlag) * (melyseg - atlag));

	}

    }

}

//static int melyseg = 0;
int max_melyseg = 0;

void
kiir (BINFA_PTR elem)
{
  if (elem != NULL)
    {
      ++melyseg;
      if (melyseg > max_melyseg)
	max_melyseg = melyseg;
      kiir (elem->jobb_egy);
      // ez a postorder bejáráshoz képest
      // 1-el nagyobb mélység, ezért -1
      kiir (elem->bal_nulla);
      for (int i = 0; i < melyseg; ++i)
	printf ("---");
      printf ("%c(%d)\n", elem->ertek < 2 ? '0' + elem->ertek : elem->ertek,
	      melyseg-1);
      --melyseg;
    }
}

void
szabadit (BINFA_PTR elem)
{
  if (elem != NULL)
    {
      szabadit (elem->jobb_egy);
      szabadit (elem->bal_nulla);
      free (elem);
    }
}

        ]]>
        </programlisting>
    </section>        
                        
    <section>
        <title>Tag a gyökér</title>
        <para>
            Az LZW algoritmust ültesd át egy C++ osztályba, legyen egy Tree és egy beágyazott Node
            osztálya. A gyökér csomópont legyen kompozícióban a fával!
        </para>
        <para>
            Megoldás videó:
        </para>
        <para>
            Megoldás forrása:                
        </para>
    </section>
                
    <section>
        <title>Mutató a gyökér</title>
        <para>
            Írd át az előző forrást, hogy a gyökér csomópont ne kompozícióban, csak aggregációban legyen a 
            fával!
        </para>
        <para>
            Megoldás videó: 
        </para>
        <para>
            Megoldás forrása:  
        </para>
        
    </section>                     

    <section>
        <title>Mozgató szemantika</title>
        <para>
            Írj az előző programhoz mozgató konstruktort és értékadást, a mozgató konstruktor legyen a mozgató
            értékadásra alapozva!
        </para>
        <para>
            Megoldás videó: 
        </para>
        <para>
            Megoldás forrása:  
        </para>
    </section>
                                                                                                                                                                                                                                                                                                                                                                                                                                                                                                                                                                                                                                                                                                                                                                                                                                                                                                                                                                                                                                                                        
</chapter>      