<chapter xmlns="http://docbook.org/ns/docbook" xmlns:xlink="http://www.w3.org/1999/xlink" xmlns:xi="http://www.w3.org/2001/XInclude" version="5.0" xml:lang="hu">
    <info>
        <title>Helló, Mandelbrot!</title>
        <keywordset>
            <keyword/>
        </keywordset>
    </info>
    <section xml:id="bhax-textbook-feladatok-mandelbrot.Mandelbrot">
        <title>A Mandelbrot halmaz</title>
        <para>
            Írj olyan C programot, amely kiszámolja a Mandelbrot halmazt!     
        </para>
        <para>
            Megoldás videó: <link xlink:href="https://youtu.be/gvaqijHlRUs">https://youtu.be/gvaqijHlRUs</link>
        </para>
        <para>
            Megoldás forrása:                
 <link xlink:href="../../../bhax/attention_raising/CUDA/mandelpngt.c++">
                <filename>bhax/attention_raising/CUDA/mandelpngt.c++</filename>
            </link> nevű állománya.            
        </para>
        <para>
            A Mandelbrot halmazt 1980-ban találta meg Benoit Mandelbrot a 
            komplex számsíkon. Komplex számok azok a számok, amelyek körében 
            válaszolni lehet az olyan egyébként értelmezhetetlen kérdésekre, 
            hogy melyik az a két szám, amelyet összeszorozva -9-et kapunk, 
            mert ez a szám például a 3i komplex szám.
        </para>
        <programlisting language="c++">
<![CDATA[
// mandelpngt.c++
// Copyright (C) 2019
// Norbert Bátfai, batfai.norbert@inf.unideb.hu
//
//  This program is free software: you can redistribute it and/or modify
//  it under the terms of the GNU General Public License as published by
//  the Free Software Foundation, either version 3 of the License, or
//  (at your option) any later version.
//
//  This program is distributed in the hope that it will be useful,
//  but WITHOUT ANY WARRANTY; without even the implied warranty of
//  MERCHANTABILITY or FITNESS FOR A PARTICULAR PURPOSE.  See the
//  GNU General Public License for more details.
//
//  You should have received a copy of the GNU General Public License
//  along with this program.  If not, see <https://www.gnu.org/licenses/>.
//
// Version history
//
//  Mandelbrot png
//  Programozó Páternoszter/PARP
//   https://www.tankonyvtar.hu/hu/tartalom/tamop412A/2011-0063_01_parhuzamos_prog_linux
//
//  https://youtu.be/gvaqijHlRUs
//
#include <iostream>
#include "png++/png.hpp"
#include <sys/times.h>

#define MERET 600
#define ITER_HAT 32000

void
mandel (int kepadat[MERET][MERET]) {

    // Mérünk időt (PP 64)
    clock_t delta = clock ();
    // Mérünk időt (PP 66)
    struct tms tmsbuf1, tmsbuf2;
    times (&tmsbuf1);

    // számítás adatai
    float a = -2.0, b = .7, c = -1.35, d = 1.35;
    int szelesseg = MERET, magassag = MERET, iteraciosHatar = ITER_HAT;

    // a számítás
    float dx = (b - a) / szelesseg;
    float dy = (d - c) / magassag;
    float reC, imC, reZ, imZ, ujreZ, ujimZ;
    // Hány iterációt csináltunk?
    int iteracio = 0;
    // Végigzongorázzuk a szélesség x magasság rácsot:
    for (int j = 0; j < magassag; ++j)
    {
        //sor = j;
        for (int k = 0; k < szelesseg; ++k)
        {
            // c = (reC, imC) a rács csomópontjainak
            // megfelelő komplex szám
            reC = a + k * dx;
            imC = d - j * dy;
            // z_0 = 0 = (reZ, imZ)
            reZ = 0;
            imZ = 0;
            iteracio = 0;
            // z_{n+1} = z_n * z_n + c iterációk
            // számítása, amíg |z_n| < 2 vagy még
            // nem értük el a 255 iterációt, ha
            // viszont elértük, akkor úgy vesszük,
            // hogy a kiinduláci c komplex számra
            // az iteráció konvergens, azaz a c a
            // Mandelbrot halmaz eleme
            while (reZ * reZ + imZ * imZ < 4 && iteracio < iteraciosHatar)
            {
                // z_{n+1} = z_n * z_n + c
                ujreZ = reZ * reZ - imZ * imZ + reC;
                ujimZ = 2 * reZ * imZ + imC;
                reZ = ujreZ;
                imZ = ujimZ;

                ++iteracio;

            }

            kepadat[j][k] = iteracio;
        }
    }

    times (&tmsbuf2);
    std::cout << tmsbuf2.tms_utime - tmsbuf1.tms_utime
              + tmsbuf2.tms_stime - tmsbuf1.tms_stime << std::endl;

    delta = clock () - delta;
    std::cout << (float) delta / CLOCKS_PER_SEC << " sec" << std::endl;

}

int
main (int argc, char *argv[])
{

    if (argc != 2)
    {
        std::cout << "Hasznalat: ./mandelpng fajlnev";
        return -1;
    }

    int kepadat[MERET][MERET];

    mandel(kepadat);

    png::image < png::rgb_pixel > kep (MERET, MERET);

    for (int j = 0; j < MERET; ++j)
    {
        //sor = j;
        for (int k = 0; k < MERET; ++k)
        {
            kep.set_pixel (k, j,
                           png::rgb_pixel (255 -
                                           (255 * kepadat[j][k]) / ITER_HAT,
                                           255 -
                                           (255 * kepadat[j][k]) / ITER_HAT,
                                           255 -
                                           (255 * kepadat[j][k]) / ITER_HAT));
        }
    }

    kep.write (argv[1]);
    std::cout << argv[1] << " mentve" << std::endl;

}
]]>
</programlisting>
        <figure>
            <title>A Mandelbrot halmaz a komplex síkon</title>
            <mediaobject>
                <imageobject>
                    <imagedata fileref="img/mandel.png" scale="50" />
                </imageobject>
                <textobject>
                    <phrase>A Mandelbrot halmaz a komplex síkon</phrase>
                </textobject>
            </mediaobject>
        </figure>
        <para>
            A Mandelbrot halmazt 1980-ban találta meg Benoit Mandelbrot a 
            komplex számsíkon. Komplex számok azok a számok, amelyek körében 
            válaszolni lehet az olyan egyébként értelmezhetetlen kérdésekre, 
            hogy melyik az a két szám, amelyet összeszorozva -9-et kapunk, 
            mert ez a szám például a 3i komplex szám.
        </para>
        <para>             
            A Mandelbrot halmazt úgy láthatjuk meg, hogy a sík origója középpontú 4 
            oldalhosszúságú négyzetbe lefektetünk egy, mondjuk 800x800-as 
            rácsot és kiszámoljuk, hogy a rács pontjai mely komplex számoknak 
            felelnek meg. A rács minden pontját megvizsgáljuk a 
            z<subscript>n+1</subscript>=z<subscript>n</subscript>
            <superscript>2</superscript>+c, 
            (0&lt;=n) képlet alapján úgy, hogy a c az éppen vizsgált rácspont. 
            A z0 az origó. Alkalmazva a képletet a 
        </para>
        <itemizedlist>
            <listitem>
                <para>
                    z<subscript>0</subscript> = 0
                </para>
            </listitem>
            <listitem>
                <para>
                    z<subscript>1</subscript> = 0<superscript>2</superscript>+c = c
                </para>
            </listitem>
            <listitem>
                <para>
                    z<subscript>2</subscript> = c<superscript>2</superscript>+c
                </para>
            </listitem>
            <listitem>
                <para>
                    z<subscript>3</subscript> = (c<superscript>2</superscript>+c)<superscript>2</superscript>+c
                </para>
            </listitem>
            <listitem>
                <para>
                    z<subscript>4</subscript> = ((c<superscript>2</superscript>+c)<superscript>2</superscript>+c)<superscript>2</superscript>+c
                </para>
            </listitem>
            <listitem>
                <para>
                    ... s így tovább.
                </para>
            </listitem>
        </itemizedlist>
        <para>
            Azaz kiindulunk az origóból (z<subscript>0</subscript>) 
            és elugrunk a rács első pontjába a z<subscript>1</subscript> = c-be, 
            aztán a c-től függően a további z-kbe. Ha ez az utazás kivezet a 
            2 sugarú körből, akkor azt mondjuk, hogy az a vizsgált rácspont 
            nem a Mandelbrot halmaz eleme. Nyilván nem tudunk végtelen sok 
            z-t megvizsgálni, ezért csak véges sok z elemet nézünk meg minden 
            rácsponthoz. Ha eközben nem lép ki a körből, akkor feketére 
            színezzük, hogy az a c rácspont a halmaz része. (Színes meg úgy 
            lesz a kép, hogy változatosan színezzük, például minél későbbi 
            z-nél lép ki a körből, annál sötétebbre). 
        </para>       
        <para>        
        </para>

    </section>        
        
    <section>
        <title>A Mandelbrot halmaz a <filename>std::complex</filename> osztállyal</title>
        <para>
            Írj olyan C++ programot, amely kiszámolja a Mandelbrot halmazt!                     
        </para>
        <para>
            Megoldás videó: <link xlink:href="https://youtu.be/gvaqijHlRUs">https://youtu.be/gvaqijHlRUs</link>
        </para>
        <para>
            Megoldás forrása:                
        </para>
        <para>        
A <link xlink:href="#bhax-textbook-feladatok-mandelbrot.Mandelbrot">Mandelbrot halmaz</link> pontban vázolt
ismert algoritmust valósítja meg a repó <link xlink:href="../../../bhax/attention_raising/Mandelbrot/3.1.2.cpp">
                <filename>bhax/attention_raising/Mandelbrot/3.1.2.cpp</filename>
            </link> nevű állománya.
        </para>
        
        <programlisting language="c++">
<![CDATA[// Verzio: 3.1.2.cpp
// Forditas:
// g++ 3.1.2.cpp -lpng -O3 -o 3.1.2
// Futtatas:
// ./3.1.2 mandel.png 1920 1080 2040 -0.01947381057309366392260585598705802112818 -0.0194738105725413418456426484226540196687 0.7985057569338268601555341774655971676111 0.798505756934379196110285192844457924366
// ./3.1.2 mandel.png 1920 1080 1020 0.4127655418209589255340574709407519549131 0.4127655418245818053080142817634623497725 0.2135387051768746491386963270997512154281 0.2135387051804975289126531379224616102874
// Nyomtatas:
// a2ps 3.1.2.cpp -o 3.1.2.cpp.pdf -1 --line-numbers=1  --left-footer="BATF41 HAXOR STR34M" --right-footer="https://bhaxor.blog.hu/" --pro=color
// ps2pdf 3.1.2.cpp.pdf 3.1.2.cpp.pdf.pdf
//
//
// Copyright (C) 2019
// Norbert Bátfai, batfai.norbert@inf.unideb.hu
//
//  This program is free software: you can redistribute it and/or modify
//  it under the terms of the GNU General Public License as published by
//  the Free Software Foundation, either version 3 of the License, or
//  (at your option) any later version.
//
//  This program is distributed in the hope that it will be useful,
//  but WITHOUT ANY WARRANTY; without even the implied warranty of
//  MERCHANTABILITY or FITNESS FOR A PARTICULAR PURPOSE.  See the
//  GNU General Public License for more details.
//
//  You should have received a copy of the GNU General Public License
//  along with this program.  If not, see <https://www.gnu.org/licenses/>.


#include <iostream>
#include "png++/png.hpp"
#include <complex>

int
main ( int argc, char *argv[] )
{

  int szelesseg = 1920;
  int magassag = 1080;
  int iteraciosHatar = 255;
  double a = -1.9;
  double b = 0.7;
  double c = -1.3;
  double d = 1.3;

  if ( argc == 9 )
    {
      szelesseg = atoi ( argv[2] );
      magassag =  atoi ( argv[3] );
      iteraciosHatar =  atoi ( argv[4] );
      a = atof ( argv[5] );
      b = atof ( argv[6] );
      c = atof ( argv[7] );
      d = atof ( argv[8] );
    }
  else
    {
      std::cout << "Hasznalat: ./3.1.2 fajlnev szelesseg magassag n a b c d" << std::endl;
      return -1;
    }

  png::image < png::rgb_pixel > kep ( szelesseg, magassag );

  double dx = ( b - a ) / szelesseg;
  double dy = ( d - c ) / magassag;
  double reC, imC, reZ, imZ;
  int iteracio = 0;

  std::cout << "Szamitas\n";

  // j megy a sorokon
  for ( int j = 0; j < magassag; ++j )
    {
      // k megy az oszlopokon

      for ( int k = 0; k < szelesseg; ++k )
        {

          // c = (reC, imC) a halo racspontjainak
          // megfelelo komplex szam

          reC = a + k * dx;
          imC = d - j * dy;
          std::complex<double> c ( reC, imC );

          std::complex<double> z_n ( 0, 0 );
          iteracio = 0;

          while ( std::abs ( z_n ) < 4 && iteracio < iteraciosHatar )
            {
              z_n = z_n * z_n + c;

              ++iteracio;
            }

          kep.set_pixel ( k, j,
                          png::rgb_pixel ( iteracio%255, (iteracio*iteracio)%255, 0 ) );
        }

      int szazalek = ( double ) j / ( double ) magassag * 100.0;
      std::cout << "\r" << szazalek << "%" << std::flush;
    }

  kep.write ( argv[1] );
  std::cout << "\r" << argv[1] << " mentve." << std::endl;

}
]]>
        </programlisting>        
    </section>        
                
    <section>
        <title>Biomorfok</title>
        <para>
        </para>
        <para>
            Megoldás videó: <link xlink:href="https://youtu.be/IJMbgRzY76E">https://youtu.be/IJMbgRzY76E</link>
        </para>
        <para>
            Megoldás forrása: <link xlink:href="https://gitlab.com/nbatfai/bhax/tree/master/attention_raising/Biomorf">https://gitlab.com/nbatfai/bhax/tree/master/attention_raising/Biomorf</link>
        </para>
        <para>
            Maradunk a Mandelbrot-halmaz témakörénél, azonban ezen belül inkább a Júlia-halmazokon lesz a hangsúly.
            Az előző feladatban <varname>c</varname> változóként szerepelt
            és ehhez számoltunk <varname>z</varname> értékeket.
            Most azonban <varname>c</varname> konstansként szerepel és a rácsbejárás <varname>z</varname>-vel történik.
            Itt már érezhető a részhalmaz-kapcsolat.
            A biomorfokra (a Julia halmazokat rajzoló bug-os programjával) 
            rátaláló Clifford Pickover azt hitte természeti törvényre 
            bukkant: <link xlink:href="https://www.emis.de/journals/TJNSA/includes/files/articles/Vol9_Iss5_2305--2315_Biomorphs_via_modified_iterations.pdf">https://www.emis.de/journals/TJNSA/includes/files/articles/Vol9_Iss5_2305--2315_Biomorphs_via_modified_iterations.pdf</link> (lásd a 2307. oldal aljától).
        </para>       
        <para>
            A különbség a <link xlink:href="#bhax-textbook-feladatok-mandelbrot.Mandelbrot">Mandelbrot halmaz</link>
            és a Julia halmazok között az, hogy a komplex iterációban az előbbiben a c változó, utóbbiban pedig állandó. 
            A következő Mandelbrot csipet azt mutatja, hogy a c befutja a vizsgált összes rácspontot.
        </para>       
        <programlisting language="c++">
<![CDATA[  // j megy a sorokon
  for ( int j = 0; j < magassag; ++j )
    {
      for ( int k = 0; k < szelesseg; ++k )
        {

          // c = (reC, imC) a halo racspontjainak
          // megfelelo komplex szam

          reC = a + k * dx;
          imC = d - j * dy;
          std::complex<double> c ( reC, imC );

          std::complex<double> z_n ( 0, 0 );
          iteracio = 0;

          while ( std::abs ( z_n ) < 4 && iteracio < iteraciosHatar )
            {
              z_n = z_n * z_n + c;

              ++iteracio;
            }
]]>
        </programlisting>        
        <para>
            Ezzel szemben a Julia halmazos csipetben a cc nem változik, hanem minden vizsgált
            z rácspontra ugyanaz.
        </para>
        <programlisting language="c++">
<![CDATA[    // j megy a sorokon
    for ( int j = 0; j < magassag; ++j )
    {
        // k megy az oszlopokon
        for ( int k = 0; k < szelesseg; ++k )
        {
            double reZ = a + k * dx;
            double imZ = d - j * dy;
            std::complex<double> z_n ( reZ, imZ );

            int iteracio = 0;
            for (int i=0; i < iteraciosHatar; ++i)
            {
                z_n = std::pow(z_n, 3) + cc;
                if(std::real ( z_n ) > R || std::imag ( z_n ) > R)
                {
                    iteracio = i;
                    break;
                }
            }
]]>
        </programlisting>                         
        
        <para>
            A bimorfos algoritmus pontos megismeréséhez ezt a cikket javasoljuk: 
            <link xlink:href="https://www.emis.de/journals/TJNSA/includes/files/articles/Vol9_Iss5_2305--2315_Biomorphs_via_modified_iterations.pdf">https://www.emis.de/journals/TJNSA/includes/files/articles/Vol9_Iss5_2305--2315_Biomorphs_via_modified_iterations.pdf</link>.
            Az is jó gyakorlat, ha magából ebből a cikkből from scratch kódoljuk be a sajátunkat, de mi a királyi úton járva a 
            korábbi <link xlink:href="#bhax-textbook-feladatok-mandelbrot.Mandelbrot">Mandelbrot halmazt</link> kiszámoló 
            forrásunkat módosítjuk. Viszont a program változóinak elnevezését összhangba hozzuk a közlemény jelöléseivel:
        </para>       
        <programlisting language="c++">
<![CDATA[// Verzio: 3.1.3.cpp
// Forditas:
// g++ 3.1.3.cpp -lpng -O3 -o 3.1.3
// Futtatas:
// ./3.1.3 bmorf.png 800 800 10 -2 2 -2 2 .285 0 10
// Nyomtatas:
// a2ps 3.1.3.cpp -o 3.1.3.cpp.pdf -1 --line-numbers=1  --left-footer="BATF41 HAXOR STR34M" --right-footer="https://bhaxor.blog.hu/" --pro=color
// 
// BHAX Biomorphs
// Copyright (C) 2019
// Norbert Batfai, batfai.norbert@inf.unideb.hu
//
//  This program is free software: you can redistribute it and/or modify
//  it under the terms of the GNU General Public License as published by
//  the Free Software Foundation, either version 3 of the License, or
//  (at your option) any later version.
//
//  This program is distributed in the hope that it will be useful,
//  but WITHOUT ANY WARRANTY; without even the implied warranty of
//  MERCHANTABILITY or FITNESS FOR A PARTICULAR PURPOSE.  See the
//  GNU General Public License for more details.
//
//  You should have received a copy of the GNU General Public License
//  along with this program.  If not, see <https://www.gnu.org/licenses/>.
//
// Version history
//
// https://youtu.be/IJMbgRzY76E
// See also https://www.emis.de/journals/TJNSA/includes/files/articles/Vol9_Iss5_2305--2315_Biomorphs_via_modified_iterations.pdf
//

#include <iostream>
#include "png++/png.hpp"
#include <complex>

int
main ( int argc, char *argv[] )
{

    int szelesseg = 1920;
    int magassag = 1080;
    int iteraciosHatar = 255;
    double xmin = -1.9;
    double xmax = 0.7;
    double ymin = -1.3;
    double ymax = 1.3;
    double reC = .285, imC = 0;
    double R = 10.0;

    if ( argc == 12 )
    {
        szelesseg = atoi ( argv[2] );
        magassag =  atoi ( argv[3] );
        iteraciosHatar =  atoi ( argv[4] );
        xmin = atof ( argv[5] );
        xmax = atof ( argv[6] );
        ymin = atof ( argv[7] );
        ymax = atof ( argv[8] );
        reC = atof ( argv[9] );
        imC = atof ( argv[10] );
        R = atof ( argv[11] );

    }
    else
    {
        std::cout << "Hasznalat: ./3.1.2 fajlnev szelesseg magassag n a b c d reC imC R" << std::endl;
        return -1;
    }

    png::image < png::rgb_pixel > kep ( szelesseg, magassag );

    double dx = ( xmax - xmin ) / szelesseg;
    double dy = ( ymax - ymin ) / magassag;

    std::complex<double> cc ( reC, imC );

    std::cout << "Szamitas\n";

    // j megy a sorokon
    for ( int y = 0; y < magassag; ++y )
    {
        // k megy az oszlopokon

        for ( int x = 0; x < szelesseg; ++x )
        {

            double reZ = xmin + x * dx;
            double imZ = ymax - y * dy;
            std::complex<double> z_n ( reZ, imZ );

            int iteracio = 0;
            for (int i=0; i < iteraciosHatar; ++i)
            {

                z_n = std::pow(z_n, 3) + cc;
                //z_n = std::pow(z_n, 2) + std::sin(z_n) + cc;
                if(std::real ( z_n ) > R || std::imag ( z_n ) > R)
                {
                    iteracio = i;
                    break;
                }
            }

            kep.set_pixel ( x, y,
                            png::rgb_pixel ( (iteracio*20)%255, (iteracio*40)%255, (iteracio*60)%255 ));
        }

        int szazalek = ( double ) y / ( double ) magassag * 100.0;
        std::cout << "\r" << szazalek << "%" << std::flush;
    }

    kep.write ( argv[1] );
    std::cout << "\r" << argv[1] << " mentve." << std::endl;

}
]]>
        </programlisting>                                 
                                          
                                                                            
    </section>                     

    <section>
        <title>A Mandelbrot halmaz CUDA megvalósítása</title>
        <para>
        </para>
        <para>
            Megoldás videó: <link xlink:href="https://youtu.be/gvaqijHlRUs">https://youtu.be/gvaqijHlRUs</link>
        </para>
        <para>
            Megoldás forrása:                
 <link xlink:href="../../../bhax/attention_raising/CUDA/mandelpngc_60x60_100.cu">
                <filename>bhax/attention_raising/CUDA/mandelpngc_60x60_100.cu</filename>
            </link> nevű állománya.            
        </para>
    </section>                     

    <section>
        <title>Mandelbrot nagyító és utazó C++ nyelven</title>
        <para>
            Építs GUI-t a Mandelbrot algoritmusra, lehessen egérrel nagyítani egy területet, illetve egy pontot
            egérrel kiválasztva vizualizálja onnan a komplex iteréció bejárta z<subscript>n</subscript> komplex számokat!
        </para>
        <para>
            Megoldás videó: <link xlink:href=""></link>
            Illetve <link xlink:href="https://bhaxor.blog.hu/2018/09/02/ismerkedes_a_mandelbrot_halmazzal">https://bhaxor.blog.hu/2018/09/02/ismerkedes_a_mandelbrot_halmazzal</link>.        </para>
        <para>
            Megoldás forrása: bhax/tree/master/attention_raising/Mandelbrot/Zoom  
        </para>
        <para>
            A program a QT GUI-t használja, ennek segítségével tudjuk elkészíteni a 
            Mandelbrot halmazt beutazó programunkat. Ez a GUI az egyik legertejedtebb
            garfikus interfésze a C++-nak, rengeteg tutorial van róla fent a neten.  
        </para>
        <para>
            Fordítás:
            Az szükséges 4 fájlnak egy mappában kell lennie. A mappában futtatni
            kell a <function>qmake -project</function> parancsot. Ez létre fog
            hozni egy <function>*.pro</function> fájlt. Ebbe a fájlba be kell
            írni a következőt: <function>QT += widgets</function> sort. Ezután futtatni kell
            a <function>qmake *.pro</function>.
            Ezután lesz a mappában
            egy <function>Makefile</function>, ezt kell majd használni. Ki 
            adjuk a <function>make</function> parancsot, mely létrehoz 
            egy bináris fájlt. Ezt pedig a szokásos módon futtatjuk.
        </para>
        <para>
            Ahhoz, hogy részletesebb képet kapj a ránagyított területről, az "n" billentyűt
            kell lenyomnod, mely kiszámolja a z-ket a megadott területen. Itt lehet látni, hogyan
            mosósdik össze a Mandelbrot és a Biomorfos téma. A hatmadik kép, már majdnem olyan, mint
            egy biomorf.
        </para>
    </section>                     
                                                                                                                                                                            
    <section>
        <title>Mandelbrot nagyító és utazó Java nyelven</title>
        <para>
            Az előző feladatban látott C++ nagyítót most Java-ban implementáljuk. A fordításhoz,futtatáshoz szükséges: <command> sudo apt-get install openjdk-8-jdk </command>.
        </para>
        <para>
            Futtatása:
            laci@ubuntu:~/Asztal/java$ javac MandelbrotHalmazNagyító.java 
            laci@ubuntu:~/Asztal/java$ java MandelbrotHalmazNagyító 
        </para>
        <para>
            Megoldás videó: <link xlink:href="https://youtu.be/Ui3B6IJnssY">https://youtu.be/Ui3B6IJnssY</link>, 4:27-től.
            Illetve <link xlink:href="https://bhaxor.blog.hu/2018/09/02/ismerkedes_a_mandelbrot_halmazzal">https://bhaxor.blog.hu/2018/09/02/ismerkedes_a_mandelbrot_halmazzal</link>.
        </para>
        <para>
            Megoldás forrása: <link xlink:href="https://www.tankonyvtar.hu/hu/tartalom/tkt/javat-tanitok-javat/apbs02.html#id570518">https://www.tankonyvtar.hu/hu/tartalom/tkt/javat-tanitok-javat/apbs02.html#id570518</link>
        </para>
    </section>
                                                                                                                                                                                                                                                                                                                                                                                                                                                                                                                                                                                                                                                                                                                                                                                                                                                                                                                                                                                                                                                                        
</chapter>                
